policy_id,renewal_date,segment,risk_factor,discount_rate,applied_rule_version,recorded_premium
DEMO-000000,2026-06-15,Rural,0.94,0.05,MOTOR-2026,715.11
DEMO-000001,2026-06-15,Metro,1.08,0.05,MOTOR-2026,1156.10
DEMO-000002,2026-06-15,Rural,1.74,0.15,MOTOR-2025,1084.99
DEMO-000003,2026-06-15,Regional,0.84,0.05,MOTOR-2025,685.85
DEMO-000004,2026-06-15,Metro,1.44,0.15,MOTOR-2026,1611.50
DEMO-000005,2026-06-15,Metro,1.71,0.15,MOTOR-2026,1626.35
DEMO-000006,2026-06-15,Regional,1.08,0.10,MOTOR-2026,882.86
DEMO-000007,2026-06-15,Metro,1.77,0.05,MOTOR-2026,1877.15
DEMO-000008,2026-06-15,Regional,1.15,0.05,MOTOR-2026,988.90
DEMO-000009,2026-06-15,Regional,0.93,0.05,MOTOR-2026,804.98
DEMO-000010,2026-06-15,Regional,1.24,0.15,MOTOR-2026,955.02
DEMO-000011,2026-06-15,Metro,1.73,0.10,MOTOR-2026,1740.20
DEMO-000012,2026-06-15,Regional,0.9,0.15,MOTOR-2026,700.70
DEMO-000013,2026-06-15,Rural,1.59,0.10,MOTOR-2026,1129.37
DEMO-000014,2026-06-15,Rural,0.88,0.05,MOTOR-2026,671.22
DEMO-000015,2026-06-15,Regional,0.9,0.05,MOTOR-2026,779.90
DEMO-000016,2026-06-15,Regional,1.15,0.10,MOTOR-2026,938.30
DEMO-000017,2026-06-15,Regional,1,0.10,MOTOR-2026,819.50
DEMO-000018,2026-06-15,Rural,1.14,0.15,MOTOR-2026,773.63
DEMO-000019,2026-06-15,Rural,0.89,0.15,MOTOR-2026,610.01
DEMO-000020,2026-06-15,Rural,1.73,0.05,MOTOR-2026,1293.00
DEMO-000021,2026-06-15,Regional,1.14,0.15,MOTOR-2026,880.22
DEMO-000022,2026-06-15,Metro,1.67,0.10,MOTOR-2026,1680.80
DEMO-000023,2026-06-15,Metro,1.09,0.05,MOTOR-2026,1166.55
DEMO-000024,2026-06-15,Regional,1.14,0.05,MOTOR-2026,980.54
DEMO-000025,2026-06-15,Rural,1.71,0.10,MOTOR-2026,1212.53
DEMO-000026,2026-06-15,Regional,1.3,0.15,MOTOR-2026,999.90
DEMO-000027,2026-06-15,Regional,0.97,0.05,MOTOR-2026,838.42
DEMO-000028,2026-06-15,Rural,1.13,0.15,MOTOR-2026,767.09
DEMO-000029,2026-06-15,Rural,1.31,0.10,MOTOR-2026,935.33
DEMO-000030,2026-06-15,Metro,1.45,0.10,MOTOR-2025,1319.45
DEMO-000031,2026-06-15,Metro,0.94,0.05,MOTOR-2026,1009.80
DEMO-000032,2026-06-15,Rural,1.34,0.15,MOTOR-2026,772.98
DEMO-000033,2026-06-15,Regional,1.56,0.10,MOTOR-2026,1263.02
DEMO-000034,2026-06-15,Rural,0.81,0.15,MOTOR-2026,557.65
DEMO-000035,2026-06-15,Rural,1.48,0.10,MOTOR-2026,1053.14
DEMO-000036,2026-06-15,Regional,0.94,0.10,MOTOR-2026,771.98
DEMO-000037,2026-06-15,Regional,0.8,0.15,MOTOR-2026,625.90
DEMO-000038,2026-06-15,Regional,1.44,0.05,MOTOR-2026,1231.34
DEMO-000039,2026-06-15,Metro,1.6,0.10,MOTOR-2026,1611.50
DEMO-000040,2026-06-15,Rural,1.57,0.05,MOTOR-2026,1175.96
DEMO-000041,2026-06-15,Metro,1.49,0.15,MOTOR-2026,1420.65
DEMO-000042,2026-06-15,Rural,1.21,0.10,MOTOR-2026,959.20
DEMO-000043,2026-06-15,Regional,1.19,0.05,MOTOR-2026,972.60
DEMO-000044,2026-06-15,Rural,0.9,0.05,MOTOR-2026,685.85
DEMO-000045,2026-06-15,Metro,1.77,0.15,MOTOR-2026,1682.45
DEMO-000046,2026-06-15,Metro,1.64,0.10,MOTOR-2026,1651.10
DEMO-000047,2026-06-15,Metro,1.13,0.15,MOTOR-2026,1084.05
DEMO-000048,2026-06-15,Regional,1.07,0.15,MOTOR-2026,827.86
DEMO-000049,2026-06-15,Rural,1.05,0.15,MOTOR-2026,714.73
DEMO-000050,2026-06-15,Rural,1.63,0.10,MOTOR-2026,1157.09
DEMO-000051,2026-06-15,Rural,1.37,0.05,MOTOR-2026,1029.66
DEMO-000052,2026-06-15,Metro,1.23,0.05,MOTOR-2026,1312.85
DEMO-000053,2026-06-15,Metro,1.55,0.05,MOTOR-2026,1732.50
DEMO-000054,2026-06-15,Rural,1.6,0.05,MOTOR-2026,1197.90
DEMO-000055,2026-06-15,Metro,1.22,0.05,MOTOR-2026,1302.40
DEMO-000056,2026-06-15,Regional,1.65,0.10,MOTOR-2026,1334.30
DEMO-000057,2026-06-15,Metro,1.72,0.15,MOTOR-2026,1635.70
DEMO-000058,2026-06-15,Metro,1.8,0.10,MOTOR-2026,1809.50
DEMO-000059,2026-06-15,Metro,0.92,0.05,MOTOR-2026,988.90
DEMO-000060,2026-06-15,Regional,1.34,0.10,MOTOR-2026,1088.78
DEMO-000061,2026-06-15,Rural,0.86,0.15,MOTOR-2026,590.37
DEMO-000062,2026-06-15,Rural,0.92,0.05,MOTOR-2026,700.48
DEMO-000063,2026-06-15,Regional,0.93,0.05,MOTOR-2026,804.98
DEMO-000064,2026-06-15,Rural,1.37,0.05,MOTOR-2026,1029.66
DEMO-000065,2026-06-15,Regional,1.39,0.05,MOTOR-2026,1189.54
DEMO-000066,2026-06-15,Metro,1.36,0.15,MOTOR-2025,1171.94
DEMO-000067,2026-06-15,Rural,1.49,0.05,MOTOR-2026,1117.44
DEMO-000068,2026-06-15,Metro,1.01,0.10,MOTOR-2026,1027.40
DEMO-000069,2026-06-15,Metro,1.31,0.05,MOTOR-2026,1396.45
DEMO-000070,2026-06-15,Metro,1.29,0.10,MOTOR-2026,1304.60
DEMO-000071,2026-06-15,Regional,1.16,0.10,MOTOR-2026,946.22
DEMO-000072,2026-06-15,Rural,1.8,0.15,MOTOR-2026,1205.60
DEMO-000073,2026-06-15,Regional,0.99,0.05,MOTOR-2026,855.14
DEMO-000074,2026-06-15,Metro,1.54,0.15,MOTOR-2026,1467.40
DEMO-000075,2026-06-15,Rural,1.2,0.05,MOTOR-2026,861.41
DEMO-000076,2026-06-15,Regional,1.44,0.15,MOTOR-2026,1104.62
DEMO-000077,2026-06-15,Rural,0.9,0.05,MOTOR-2026,652.94
DEMO-000078,2026-06-15,Metro,1.66,0.05,MOTOR-2026,1762.20
DEMO-000079,2026-06-15,Rural,1.11,0.15,MOTOR-2026,754.00
DEMO-000080,2026-06-15,Rural,0.9,0.10,MOTOR-2026,651.20
DEMO-000081,2026-06-15,Rural,1.46,0.10,MOTOR-2026,1039.28
DEMO-000082,2026-06-15,Metro,1.65,0.15,MOTOR-2026,1570.25
DEMO-000083,2026-06-15,Regional,1.3,0.05,MOTOR-2026,1114.30
DEMO-000084,2026-06-15,Regional,1.38,0.10,MOTOR-2026,1120.46
DEMO-000085,2026-06-15,Metro,0.81,0.10,MOTOR-2026,829.40
DEMO-000086,2026-06-15,Rural,0.92,0.05,MOTOR-2026,700.48
DEMO-000087,2026-06-15,Rural,1.13,0.05,MOTOR-2026,854.10
DEMO-000088,2026-06-15,Metro,1.11,0.10,MOTOR-2026,1126.40
DEMO-000089,2026-06-15,Regional,1.49,0.15,MOTOR-2026,1142.02
DEMO-000090,2026-06-15,Rural,1.47,0.05,MOTOR-2026,1102.81
DEMO-000091,2026-06-15,Rural,1.18,0.15,MOTOR-2025,744.65
DEMO-000092,2026-06-15,Metro,1.13,0.05,MOTOR-2026,1208.35
DEMO-000093,2026-06-15,Rural,1.5,0.05,MOTOR-2026,1124.75
DEMO-000094,2026-06-15,Rural,1.06,0.15,MOTOR-2026,721.27
DEMO-000095,2026-06-15,Rural,1.61,0.10,MOTOR-2026,1143.23
DEMO-000096,2026-06-15,Regional,0.86,0.05,MOTOR-2026,746.46
DEMO-000097,2026-06-15,Regional,0.85,0.05,MOTOR-2026,738.10
DEMO-000098,2026-06-15,Metro,1.61,0.10,MOTOR-2026,1621.40
DEMO-000099,2026-06-15,Regional,1.5,0.15,MOTOR-2026,1149.50
